_id,WeekEnding,AgeGroup,PatientsTested,PatientsPositive,PatientsNegative,PercentPositive,Rate
1,20200202,Age 20-21,2,0,2,0,0
2,20200209,Age 12-15,1,0,1,0,0
3,20200209,Age 20-21,1,0,1,0,0
4,20200216,Age 0-1,4,0,4,0,0
5,20200216,Age 18-19,3,0,3,0,0
6,20200216,Age 2-4,2,0,2,0,0
7,20200216,Age 20-21,4,0,4,0,0
8,20200216,Age 5-11,3,0,3,0,0
9,20200223,Age 0-1,2,0,2,0,0
10,20200223,Age 12-15,3,0,3,0,0
11,20200223,Age 2-4,6,0,6,0,0
12,20200223,Age 5-11,2,0,2,0,0
13,20200301,Age 0-1,29,0,29,0,0
14,20200301,Age 12-15,20,0,20,0,0
15,20200301,Age 16-17,5,0,5,0,0
16,20200301,Age 18-19,6,0,6,0,0
17,20200301,Age 2-4,19,0,19,0,0
18,20200301,Age 20-21,11,0,11,0,0
19,20200301,Age 5-11,29,0,29,0,0
20,20200308,Age 0-1,130,0,130,0,0
21,20200308,Age 12-15,18,0,18,0,0
22,20200308,Age 16-17,12,0,12,0,0
23,20200308,Age 18-19,17,0,17,0,0
24,20200308,Age 2-4,64,0,64,0,0
25,20200308,Age 20-21,15,1,14,0.06666666666666667,0.8
26,20200308,Age 5-11,57,0,57,0,0
27,20200315,Age 0-1,156,0,156,0,0
28,20200315,Age 12-15,46,1,45,0.021739130434782608,0.4
29,20200315,Age 16-17,19,2,17,0.10526315789473684,1.8
30,20200315,Age 18-19,25,4,21,0.16,3.5
31,20200315,Age 2-4,103,0,103,0,0
32,20200315,Age 20-21,39,4,35,0.10256410256410256,3.1
33,20200315,Age 5-11,86,0,86,0,0
34,20200322,Age 0-1,179,1,178,0.00558659217877095,1
35,20200322,Age 12-15,53,0,53,0,0
36,20200322,Age 16-17,17,2,15,0.11764705882352941,1.8
37,20200322,Age 18-19,27,2,25,0.07407407407407407,1.7
38,20200322,Age 2-4,133,1,132,0.007518796992481203,0.6
39,20200322,Age 20-21,22,2,20,0.09090909090909091,1.5
40,20200322,Age 5-11,155,0,155,0,0
41,20200329,Age 0-1,195,5,190,0.02564102564102564,5
42,20200329,Age 12-15,69,3,66,0.043478260869565216,1.3
43,20200329,Age 16-17,32,4,28,0.125,3.6
44,20200329,Age 18-19,33,3,30,0.09090909090909091,2.6
45,20200329,Age 2-4,203,4,199,0.019704433497536946,2.4
46,20200329,Age 20-21,35,8,27,0.22857142857142856,6.1
47,20200329,Age 5-11,198,6,192,0.030303030303030304,1.4
48,20200405,Age 0-1,175,7,168,0.04,7
49,20200405,Age 12-15,69,3,66,0.043478260869565216,1.3
50,20200405,Age 16-17,44,3,41,0.06818181818181818,2.7
51,20200405,Age 18-19,54,11,43,0.2037037037037037,9.6
52,20200405,Age 2-4,140,4,136,0.02857142857142857,2.4
53,20200405,Age 20-21,53,11,42,0.20754716981132076,8.5
54,20200405,Age 5-11,192,11,181,0.057291666666666664,2.6
55,20200412,Age 0-1,108,0,108,0,0
56,20200412,Age 12-15,49,4,45,0.08163265306122448,1.7
57,20200412,Age 16-17,20,2,18,0.1,1.8
58,20200412,Age 18-19,43,8,35,0.18604651162790697,7
59,20200412,Age 2-4,90,3,87,0.03333333333333333,1.8
60,20200412,Age 20-21,48,15,33,0.3125,11.5
61,20200412,Age 5-11,117,6,111,0.05128205128205128,1.4
62,20200419,Age 0-1,124,5,119,0.04032258064516129,5
63,20200419,Age 12-15,45,5,40,0.1111111111111111,2.1
64,20200419,Age 16-17,41,6,35,0.14634146341463414,5.4
65,20200419,Age 18-19,49,9,40,0.1836734693877551,7.8
66,20200419,Age 2-4,108,2,106,0.018518518518518517,1.2
67,20200419,Age 20-21,73,19,54,0.2602739726027397,14.6
68,20200419,Age 5-11,133,3,130,0.022556390977443608,0.7
69,20200426,Age 0-1,138,1,137,0.007246376811594203,1
70,20200426,Age 12-15,56,6,50,0.10714285714285714,2.6
71,20200426,Age 16-17,36,2,34,0.05555555555555555,1.8
72,20200426,Age 18-19,65,10,55,0.15384615384615385,8.7
73,20200426,Age 2-4,102,2,100,0.0196078431372549,1.2
74,20200426,Age 20-21,103,20,83,0.1941747572815534,15.4
75,20200426,Age 5-11,118,2,116,0.01694915254237288,0.5
76,20200503,Age 0-1,154,0,154,0,0
77,20200503,Age 12-15,103,8,95,0.07766990291262135,3.4
78,20200503,Age 16-17,44,4,40,0.09090909090909091,3.6
79,20200503,Age 18-19,233,22,211,0.0944206008583691,19.1
80,20200503,Age 2-4,109,1,108,0.009174311926605505,0.6
81,20200503,Age 20-21,315,39,276,0.12380952380952381,30
82,20200503,Age 5-11,197,4,193,0.02030456852791878,1
83,20200510,Age 0-1,175,0,175,0,0
84,20200510,Age 12-15,188,7,181,0.03723404255319149,3
85,20200510,Age 16-17,125,11,114,0.088,10
86,20200510,Age 18-19,207,16,191,0.07729468599033816,13.9
87,20200510,Age 2-4,110,1,109,0.00909090909090909,0.6
88,20200510,Age 20-21,293,28,265,0.09556313993174062,21.5
89,20200510,Age 5-11,344,10,334,0.029069767441860465,2.4
90,20200517,Age 0-1,142,0,142,0,0
91,20200517,Age 12-15,196,5,191,0.025510204081632654,2.1
92,20200517,Age 16-17,120,5,115,0.041666666666666664,4.5
93,20200517,Age 18-19,214,18,196,0.08411214953271028,15.7
94,20200517,Age 2-4,97,3,94,0.030927835051546393,1.8
95,20200517,Age 20-21,325,27,298,0.08307692307692308,20.8
96,20200517,Age 5-11,395,8,387,0.020253164556962026,1.9
97,20200524,Age 0-1,147,1,146,0.006802721088435374,1
98,20200524,Age 12-15,229,5,224,0.021834061135371178,2.1
99,20200524,Age 16-17,150,6,144,0.04,5.4
100,20200524,Age 18-19,250,9,241,0.036,7.8
101,20200524,Age 2-4,85,0,85,0,0
102,20200524,Age 20-21,355,9,346,0.02535211267605634,6.9
103,20200524,Age 5-11,450,2,448,0.0044444444444444444,0.5
104,20200531,Age 0-1,129,0,129,0,0
105,20200531,Age 12-15,147,2,145,0.013605442176870748,0.9
106,20200531,Age 16-17,108,0,108,0,0
107,20200531,Age 18-19,232,14,218,0.0603448275862069,12.2
108,20200531,Age 2-4,71,0,71,0,0
109,20200531,Age 20-21,322,23,299,0.07142857142857142,17.7
110,20200531,Age 5-11,340,7,333,0.020588235294117647,1.7
111,20200607,Age 0-1,147,0,147,0,0
112,20200607,Age 12-15,170,1,169,0.0058823529411764705,0.4
113,20200607,Age 16-17,94,3,91,0.031914893617021274,2.7
114,20200607,Age 18-19,181,3,178,0.016574585635359115,2.6
115,20200607,Age 2-4,91,1,90,0.01098901098901099,0.6
116,20200607,Age 20-21,255,4,251,0.01568627450980392,3.1
117,20200607,Age 5-11,345,0,345,0,0
118,20200614,Age 0-1,187,0,187,0,0
119,20200614,Age 12-15,181,2,179,0.011049723756906077,0.9
120,20200614,Age 16-17,132,1,131,0.007575757575757576,0.9
121,20200614,Age 18-19,190,4,186,0.021052631578947368,3.5
122,20200614,Age 2-4,104,1,103,0.009615384615384616,0.6
123,20200614,Age 20-21,311,1,310,0.003215434083601286,0.8
124,20200614,Age 5-11,331,1,330,0.0030211480362537764,0.2
125,20200621,Age 0-1,124,1,123,0.008064516129032258,1
126,20200621,Age 12-15,135,1,134,0.007407407407407408,0.4
127,20200621,Age 16-17,107,0,107,0,0
128,20200621,Age 18-19,196,0,196,0,0
129,20200621,Age 2-4,112,0,112,0,0
130,20200621,Age 20-21,334,3,331,0.008982035928143712,2.3
131,20200621,Age 5-11,266,1,265,0.0037593984962406013,0.2
132,20200628,Age 0-1,134,0,134,0,0
133,20200628,Age 12-15,153,1,152,0.006535947712418301,0.4
134,20200628,Age 16-17,127,0,127,0,0
135,20200628,Age 18-19,286,1,285,0.0034965034965034965,0.9
136,20200628,Age 2-4,88,0,88,0,0
137,20200628,Age 20-21,400,3,397,0.0075,2.3
138,20200628,Age 5-11,304,3,301,0.009868421052631578,0.7
139,20200705,Age 0-1,167,0,167,0,0
140,20200705,Age 12-15,133,0,133,0,0
141,20200705,Age 16-17,133,2,131,0.015037593984962405,1.8
142,20200705,Age 18-19,284,1,283,0.0035211267605633804,0.9
143,20200705,Age 2-4,102,0,102,0,0
144,20200705,Age 20-21,386,5,381,0.012953367875647668,3.8
145,20200705,Age 5-11,312,0,312,0,0
146,20200712,Age 0-1,155,0,155,0,0
147,20200712,Age 12-15,140,0,140,0,0
148,20200712,Age 16-17,112,1,111,0.008928571428571428,0.9
149,20200712,Age 18-19,230,3,227,0.013043478260869565,2.6
150,20200712,Age 2-4,88,0,88,0,0
151,20200712,Age 20-21,353,1,352,0.0028328611898017,0.8
152,20200712,Age 5-11,284,0,284,0,0
153,20200719,Age 0-1,174,0,174,0,0
154,20200719,Age 12-15,171,1,170,0.005847953216374269,0.4
155,20200719,Age 16-17,125,0,125,0,0
156,20200719,Age 18-19,226,3,223,0.01327433628318584,2.6
157,20200719,Age 2-4,99,0,99,0,0
158,20200719,Age 20-21,358,7,351,0.019553072625698324,5.4
159,20200719,Age 5-11,323,2,321,0.006191950464396285,0.5
160,20200726,Age 0-1,221,0,221,0,0
161,20200726,Age 12-15,186,0,186,0,0
162,20200726,Age 16-17,156,0,156,0,0
163,20200726,Age 18-19,301,2,299,0.006644518272425249,1.7
164,20200726,Age 2-4,201,0,201,0,0
165,20200726,Age 20-21,409,4,405,0.009779951100244499,3.1
166,20200726,Age 5-11,349,5,344,0.014326647564469915,1.2
167,20200802,Age 0-1,297,0,297,0,0
168,20200802,Age 12-15,204,0,204,0,0
169,20200802,Age 16-17,151,2,149,0.013245033112582781,1.8
170,20200802,Age 18-19,294,6,288,0.02040816326530612,5.2
171,20200802,Age 2-4,331,2,329,0.006042296072507553,1.2
172,20200802,Age 20-21,412,9,403,0.021844660194174758,6.9
173,20200802,Age 5-11,374,4,370,0.0106951871657754,1
174,20200809,Age 0-1,390,2,388,0.005128205128205128,2
175,20200809,Age 12-15,307,4,303,0.013029315960912053,1.7
176,20200809,Age 16-17,254,15,239,0.05905511811023622,13.6
177,20200809,Age 18-19,627,32,595,0.051036682615629984,27.8
178,20200809,Age 2-4,451,4,447,0.008869179600886918,2.4
179,20200809,Age 20-21,875,36,839,0.04114285714285714,27.7
180,20200809,Age 5-11,591,5,586,0.008460236886632826,1.2
181,20200816,Age 0-1,580,3,577,0.005172413793103448,3
182,20200816,Age 12-15,447,8,439,0.017897091722595078,3.4
183,20200816,Age 16-17,289,24,265,0.08304498269896193,21.8
184,20200816,Age 18-19,449,9,440,0.0200445434298441,7.8
185,20200816,Age 2-4,805,2,803,0.002484472049689441,1.2
186,20200816,Age 20-21,594,21,573,0.03535353535353535,16.1
187,20200816,Age 5-11,1028,9,1019,0.008754863813229572,2.1
188,20200823,Age 0-1,1112,8,1104,0.007194244604316547,8
189,20200823,Age 12-15,1530,8,1522,0.00522875816993464,3.4
190,20200823,Age 16-17,512,13,499,0.025390625,11.8
191,20200823,Age 18-19,587,46,541,0.07836456558773425,40
192,20200823,Age 2-4,3268,6,3262,0.0018359853121175031,3.7
193,20200823,Age 20-21,785,39,746,0.049681528662420385,30
194,20200823,Age 5-11,7038,24,7014,0.0034100596760443308,5.7
195,20200830,Age 0-1,1734,7,1727,0.004036908881199538,7
196,20200830,Age 12-15,4623,20,4603,0.004326195111399524,8.5
197,20200830,Age 16-17,1142,12,1130,0.010507880910683012,10.9
198,20200830,Age 18-19,901,88,813,0.097669256381798,76.5
199,20200830,Age 2-4,5102,8,5094,0.0015680125441003528,4.9
200,20200830,Age 20-21,1017,58,959,0.05703048180924287,44.6
201,20200830,Age 5-11,13623,12,13611,0.0008808632459810614,2.9
202,20200906,Age 0-1,1222,12,1210,0.009819967266775777,12
203,20200906,Age 12-15,4443,28,4415,0.006302048165653837,12
204,20200906,Age 16-17,1333,31,1302,0.023255813953488372,28.1
205,20200906,Age 18-19,1137,84,1053,0.07387862796833773,73.1
206,20200906,Age 2-4,2178,8,2170,0.0036730945821854912,4.9
207,20200906,Age 20-21,1383,87,1296,0.06290672451193059,66.9
208,20200906,Age 5-11,5936,35,5901,0.00589622641509434,8.4
209,20200913,Age 0-1,870,8,862,0.009195402298850575,8
210,20200913,Age 12-15,2132,26,2106,0.012195121951219513,11.1
211,20200913,Age 16-17,813,22,791,0.02706027060270603,20
212,20200913,Age 18-19,731,62,669,0.08481532147742818,53.9
213,20200913,Age 2-4,1143,10,1133,0.008748906386701663,6.1
214,20200913,Age 20-21,1041,73,968,0.07012487992315082,56.1
215,20200913,Age 5-11,2190,33,2157,0.015068493150684932,7.9
216,20200920,Age 0-1,752,7,745,0.009308510638297872,7
217,20200920,Age 12-15,1130,30,1100,0.02654867256637168,12.8
218,20200920,Age 16-17,559,66,493,0.11806797853309481,59.9
219,20200920,Age 18-19,958,249,709,0.2599164926931106,216.5
220,20200920,Age 2-4,941,10,931,0.010626992561105207,6.1
221,20200920,Age 20-21,922,97,825,0.1052060737527115,74.6
222,20200920,Age 5-11,1600,38,1562,0.02375,9.1
223,20200927,Age 0-1,769,27,742,0.035110533159947985,27.1
224,20200927,Age 12-15,858,68,790,0.07925407925407925,29
225,20200927,Age 16-17,761,213,548,0.27989487516425754,193.4
226,20200927,Age 18-19,2497,958,1539,0.3836603924709652,833.1
227,20200927,Age 2-4,850,9,841,0.010588235294117647,5.5
228,20200927,Age 20-21,1634,368,1266,0.2252141982864137,282.9
229,20200927,Age 5-11,1229,38,1191,0.030919446704637917,9.1
230,20201004,Age 0-1,762,29,733,0.03805774278215223,29.1
231,20201004,Age 12-15,925,101,824,0.10918918918918918,43.1
232,20201004,Age 16-17,617,152,465,0.24635332252836303,138
233,20201004,Age 18-19,1987,739,1248,0.3719174635128334,642.7
234,20201004,Age 2-4,961,37,924,0.03850156087408949,22.5
235,20201004,Age 20-21,1824,440,1384,0.2412280701754386,338.2
236,20201004,Age 5-11,1435,99,1336,0.06898954703832752,23.6
237,20201011,Age 0-1,879,49,830,0.055745164960182024,49.1
238,20201011,Age 12-15,1055,152,903,0.14407582938388624,64.9
239,20201011,Age 16-17,727,174,553,0.2393397524071527,158
240,20201011,Age 18-19,1871,647,1224,0.3458043826830572,562.7
241,20201011,Age 2-4,1184,46,1138,0.03885135135135135,28
242,20201011,Age 20-21,1918,482,1436,0.251303441084463,370.5
243,20201011,Age 5-11,1655,155,1500,0.09365558912386707,37
244,20201018,Age 0-1,866,56,810,0.06466512702078522,56.2
245,20201018,Age 12-15,780,187,593,0.23974358974358975,79.9
246,20201018,Age 16-17,620,169,451,0.2725806451612903,153.4
247,20201018,Age 18-19,1308,418,890,0.3195718654434251,363.5
248,20201018,Age 2-4,985,48,937,0.048730964467005075,29.2
249,20201018,Age 20-21,1555,400,1155,0.2572347266881029,307.5
250,20201018,Age 5-11,1380,192,1188,0.1391304347826087,45.8
251,20201025,Age 0-1,839,62,777,0.073897497020262215,62.2
252,20201025,Age 12-15,1026,247,779,0.24074074074074073,105.5
253,20201025,Age 16-17,670,184,486,0.2746268656716418,167.1
254,20201025,Age 18-19,1208,338,870,0.27980132450331124,293.9
255,20201025,Age 2-4,956,67,889,0.0700836820083682,40.8
256,20201025,Age 20-21,1419,343,1076,0.24171952078928824,263.7
257,20201025,Age 5-11,1385,238,1147,0.17184115523465704,56.8
258,20201101,Age 0-1,767,48,719,0.06258148631029987,48.1
259,20201101,Age 12-15,1065,212,853,0.19906103286384977,90.5
260,20201101,Age 16-17,682,180,502,0.26392961876832843,163.4
261,20201101,Age 18-19,947,293,654,0.3093980992608237,254.8
262,20201101,Age 2-4,1002,63,939,0.06287425149700598,38.4
263,20201101,Age 20-21,1164,317,847,0.27233676975945015,243.7
264,20201101,Age 5-11,1469,224,1245,0.1524846834581348,53.5
265,20201108,Age 0-1,912,57,855,0.0625,57.2
266,20201108,Age 12-15,1519,361,1158,0.23765635286372613,154.2
267,20201108,Age 16-17,784,189,595,0.24107142857142858,171.6
268,20201108,Age 18-19,1026,303,723,0.2953216374269006,263.5
269,20201108,Age 2-4,1325,87,1238,0.06566037735849056,53
270,20201108,Age 20-21,1248,317,931,0.25400641025641024,243.7
271,20201108,Age 5-11,2198,314,1884,0.14285714285714285,75
272,20201115,Age 0-1,881,48,833,0.05448354143019296,48.1
273,20201115,Age 12-15,1703,343,1360,0.2014092777451556,146.5
274,20201115,Age 16-17,788,172,616,0.2182741116751269,156.2
275,20201115,Age 18-19,1020,269,751,0.26372549019607844,233.9
276,20201115,Age 2-4,1377,56,1321,0.04066811909949165,34.1
277,20201115,Age 20-21,1128,290,838,0.2570921985815603,222.9
278,20201115,Age 5-11,2399,292,2107,0.12171738224260108,69.7
279,20201122,Age 0-1,853,51,802,0.059788980070339975,51.2
280,20201122,Age 12-15,1570,250,1320,0.1592356687898089,106.8
281,20201122,Age 16-17,736,142,594,0.19293478260869565,128.9
282,20201122,Age 18-19,1092,285,807,0.260989010989011,247.9
283,20201122,Age 2-4,1493,73,1420,0.048894842598794376,44.5
284,20201122,Age 20-21,1055,203,852,0.1924170616113744,156
285,20201122,Age 5-11,2374,251,2123,0.10572872788542544,59.9
286,20201129,Age 0-1,821,29,792,0.03532277710109622,29.1
287,20201129,Age 12-15,1497,221,1276,0.14762859051436206,94.4
288,20201129,Age 16-17,688,127,561,0.18459302325581395,115.3
289,20201129,Age 18-19,1072,246,826,0.2294776119402985,213.9
290,20201129,Age 2-4,1253,55,1198,0.04389465283320032,33.5
291,20201129,Age 20-21,927,160,767,0.1725997842502697,123
292,20201129,Age 5-11,2074,216,1858,0.10414657666345227,51.6
293,20201206,Age 0-1,789,52,737,0.06590621039290241,52.2
294,20201206,Age 12-15,1637,218,1419,0.13317043372021992,93.1
295,20201206,Age 16-17,692,119,573,0.17196531791907516,108
296,20201206,Age 18-19,809,168,641,0.207663782447466,146.1
297,20201206,Age 2-4,1229,51,1178,0.04149715215622457,31.1
298,20201206,Age 20-21,960,171,789,0.178125,131.4
299,20201206,Age 5-11,2180,237,1943,0.10871559633027524,56.6
300,20201213,Age 0-1,751,38,713,0.05059920106524634,38.1
301,20201213,Age 12-15,1482,221,1261,0.14912280701754385,94.4
302,20201213,Age 16-17,722,169,553,0.23407202216066483,153.4
303,20201213,Age 18-19,783,153,630,0.19540229885057472,133.1
304,20201213,Age 2-4,1190,62,1128,0.052100840336134456,37.8
305,20201213,Age 20-21,1000,199,801,0.199,153
306,20201213,Age 5-11,2101,240,1861,0.1142313184198001,57.3
307,20201220,Age 0-1,773,45,728,0.05821474773609314,45.1
308,20201220,Age 12-15,1286,207,1079,0.16096423017107309,88.4
309,20201220,Age 16-17,611,117,494,0.19148936170212766,106.2
310,20201220,Age 18-19,849,134,715,0.15783274440518258,116.5
311,20201220,Age 2-4,1219,77,1142,0.06316652994257588,46.9
312,20201220,Age 20-21,1208,177,1031,0.14652317880794702,136.1
313,20201220,Age 5-11,1889,223,1666,0.11805187930121758,53.2
314,20201227,Age 0-1,663,64,599,0.09653092006033183,64.2
315,20201227,Age 12-15,778,200,578,0.2570694087403599,85.4
316,20201227,Age 16-17,533,154,379,0.28893058161350843,139.8
317,20201227,Age 18-19,818,239,579,0.2921760391198044,207.8
318,20201227,Age 2-4,747,59,688,0.07898259705488621,36
319,20201227,Age 20-21,1071,288,783,0.2689075630252101,221.4
320,20201227,Age 5-11,1454,269,1185,0.18500687757909215,64.2
321,20210103,Age 0-1,747,110,637,0.14725568942436412,110.3
322,20210103,Age 12-15,815,358,457,0.4392638036809816,152.9
323,20210103,Age 16-17,740,329,411,0.4445945945945946,298.7
324,20210103,Age 18-19,1154,501,653,0.4341421143847487,435.7
325,20210103,Age 2-4,655,122,533,0.18625954198473282,74.3
326,20210103,Age 20-21,1586,671,915,0.4230769230769231,515.8
327,20210103,Age 5-11,1335,432,903,0.3235955056179775,103.1
328,20210110,Age 0-1,707,110,597,0.15558698727015557,110.3
329,20210110,Age 12-15,915,334,581,0.3650273224043716,142.7
330,20210110,Age 16-17,786,307,479,0.3905852417302799,278.7
331,20210110,Age 18-19,1276,459,817,0.359717868338558,399.2
332,20210110,Age 2-4,639,115,524,0.17996870109546165,70.1
333,20210110,Age 20-21,1678,629,1049,0.37485101311084623,483.5
334,20210110,Age 5-11,1294,413,881,0.31916537867078826,98.6
335,20210117,Age 0-1,582,85,497,0.14604810996563575,85.3
336,20210117,Age 12-15,634,246,388,0.38801261829652994,105.1
337,20210117,Age 16-17,544,198,346,0.3639705882352941,179.8
338,20210117,Age 18-19,848,300,548,0.35377358490566035,260.9
339,20210117,Age 2-4,499,85,414,0.17034068136272545,51.8
340,20210117,Age 20-21,1157,365,792,0.31547104580812446,280.6
341,20210117,Age 5-11,962,288,674,0.2993762993762994,68.8
342,20210124,Age 0-1,574,80,494,0.13937282229965156,80.2
343,20210124,Age 12-15,643,178,465,0.27682737169517885,76
344,20210124,Age 16-17,502,155,347,0.30876494023904383,140.7
345,20210124,Age 18-19,708,195,513,0.2754237288135593,169.6
346,20210124,Age 2-4,502,95,407,0.1892430278884462,57.9
347,20210124,Age 20-21,964,283,681,0.29356846473029047,217.5
348,20210124,Age 5-11,947,261,686,0.27560718057022177,62.3
349,20210131,Age 0-1,520,63,457,0.12115384615384615,63.2
350,20210131,Age 12-15,557,172,385,0.3087971274685817,73.5
351,20210131,Age 16-17,381,117,264,0.30708661417322836,106.2
352,20210131,Age 18-19,681,200,481,0.2936857562408223,173.9
353,20210131,Age 2-4,466,88,378,0.1888412017167382,53.6
354,20210131,Age 20-21,809,192,617,0.2373300370828183,147.6
355,20210131,Age 5-11,860,193,667,0.22441860465116278,46.1
356,20210207,Age 0-1,542,64,478,0.11808118081180811,64.2
357,20210207,Age 12-15,503,161,342,0.32007952286282304,68.8
358,20210207,Age 16-17,350,110,240,0.3142857142857143,99.9
359,20210207,Age 18-19,583,171,412,0.2933104631217839,148.7
360,20210207,Age 2-4,439,71,368,0.16173120728929385,43.3
361,20210207,Age 20-21,739,170,569,0.23004059539918809,130.7
362,20210207,Age 5-11,757,202,555,0.2668428005284016,48.2
363,20210214,Age 0-1,463,54,409,0.11663066954643629,54.2
364,20210214,Age 12-15,366,116,250,0.31693989071038253,49.5
365,20210214,Age 16-17,293,90,203,0.30716723549488056,81.7
366,20210214,Age 18-19,493,139,354,0.281947261663286,120.9
367,20210214,Age 2-4,349,82,267,0.2349570200573066,50
368,20210214,Age 20-21,659,159,500,0.24127465857359637,122.2
369,20210214,Age 5-11,655,175,480,0.26717557251908397,41.8
370,20210221,Age 0-1,461,67,394,0.14533622559652928,67.2
371,20210221,Age 12-15,492,169,323,0.3434959349593496,72.2
372,20210221,Age 16-17,313,94,219,0.3003194888178914,85.3
373,20210221,Age 18-19,664,187,477,0.2816265060240964,162.6
374,20210221,Age 2-4,442,112,330,0.25339366515837103,68.2
375,20210221,Age 20-21,768,195,573,0.25390625,149.9
376,20210221,Age 5-11,862,267,595,0.30974477958236657,63.7
377,20210228,Age 0-1,518,70,448,0.13513513513513514,70.2
378,20210228,Age 12-15,478,130,348,0.2719665271966527,55.5
379,20210228,Age 16-17,326,108,218,0.3312883435582822,98.1
380,20210228,Age 18-19,591,129,462,0.2182741116751269,112.2
381,20210228,Age 2-4,580,102,478,0.17586206896551723,62.2
382,20210228,Age 20-21,697,161,536,0.2309899569583931,123.8
383,20210228,Age 5-11,1139,252,887,0.2212467076382792,60.2
384,20210307,Age 0-1,536,41,495,0.07649253731343283,41.1
385,20210307,Age 12-15,454,131,323,0.28854625550660795,56
386,20210307,Age 16-17,288,78,210,0.2708333333333333,70.8
387,20210307,Age 18-19,513,124,389,0.24171539961013644,107.8
388,20210307,Age 2-4,953,124,829,0.13011542497376705,75.6
389,20210307,Age 20-21,655,112,543,0.17099236641221374,86.1
390,20210307,Age 5-11,1690,322,1368,0.19053254437869824,76.9
391,20210314,Age 0-1,655,65,590,0.09923664122137404,65.2
392,20210314,Age 12-15,530,142,388,0.2679245283018868,60.6
393,20210314,Age 16-17,325,77,248,0.23692307692307693,69.9
394,20210314,Age 18-19,594,146,448,0.24579124579124578,127
395,20210314,Age 2-4,1271,169,1102,0.13296616837136113,103
396,20210314,Age 20-21,710,142,568,0.2,109.2
397,20210314,Age 5-11,2126,427,1699,0.20084666039510818,101.9
398,20210321,Age 0-1,747,59,688,0.07898259705488621,59.2
399,20210321,Age 12-15,544,147,397,0.2702205882352941,62.8
400,20210321,Age 16-17,315,108,207,0.34285714285714286,98.1
401,20210321,Age 18-19,854,156,698,0.18266978922716628,135.7
402,20210321,Age 2-4,1500,176,1324,0.11733333333333333,107.2
403,20210321,Age 20-21,943,168,775,0.17815482502651114,129.1
404,20210321,Age 5-11,2917,478,2439,0.1638669866300994,114.1
405,20210328,Age 0-1,817,48,769,0.0587515299877601,48.1
406,20210328,Age 12-15,780,175,605,0.22435897435897437,74.7
407,20210328,Age 16-17,407,106,301,0.26044226044226043,96.2
408,20210328,Age 18-19,654,139,515,0.21253822629969418,120.9
409,20210328,Age 2-4,1546,130,1416,0.08408796895213454,79.2
410,20210328,Age 20-21,771,160,611,0.20752269779507135,123
411,20210328,Age 5-11,4345,494,3851,0.11369390103567319,117.9
412,20210404,Age 0-1,762,29,733,0.03805774278215223,29.1
413,20210404,Age 12-15,739,131,608,0.17726657645466848,56
414,20210404,Age 16-17,363,40,323,0.11019283746556474,36.3
415,20210404,Age 18-19,528,80,448,0.15151515151515152,69.6
416,20210404,Age 2-4,1128,79,1049,0.0700354609929078,48.1
417,20210404,Age 20-21,645,88,557,0.13643410852713178,67.6
418,20210404,Age 5-11,3085,449,2636,0.14554294975688817,107.2
419,20210411,Age 0-1,661,32,629,0.048411497730711045,32.1
420,20210411,Age 12-15,591,94,497,0.15905245346869712,40.1
421,20210411,Age 16-17,370,60,310,0.16216216216216217,54.5
422,20210411,Age 18-19,517,60,457,0.11605415860735009,52.2
423,20210411,Age 2-4,678,69,609,0.10176991150442478,42
424,20210411,Age 20-21,543,69,474,0.1270718232044199,53
425,20210411,Age 5-11,1114,191,923,0.17145421903052063,45.6
426,20210418,Age 0-1,587,20,567,0.034071550255536626,20.1
427,20210418,Age 12-15,454,96,358,0.21145374449339208,41
428,20210418,Age 16-17,263,42,221,0.1596958174904943,38.1
429,20210418,Age 18-19,414,66,348,0.15942028985507245,57.4
430,20210418,Age 2-4,603,48,555,0.07960199004975124,29.2
431,20210418,Age 20-21,503,61,442,0.12127236580516898,46.9
432,20210418,Age 5-11,683,138,545,0.2020497803806735,32.9
433,20210425,Age 0-1,637,21,616,0.03296703296703297,21.1
434,20210425,Age 12-15,581,110,471,0.18932874354561102,47
435,20210425,Age 16-17,353,53,300,0.1501416430594901,48.1
436,20210425,Age 18-19,374,68,306,0.18181818181818182,59.1
437,20210425,Age 2-4,690,44,646,0.06376811594202898,26.8
438,20210425,Age 20-21,478,69,409,0.14435146443514643,53
439,20210425,Age 5-11,1049,116,933,0.11058150619637751,27.7
440,20210502,Age 0-1,589,19,570,0.03225806451612903,19.1
441,20210502,Age 12-15,1019,101,918,0.09911678115799803,43.1
442,20210502,Age 16-17,334,44,290,0.1317365269461078,39.9
443,20210502,Age 18-19,309,29,280,0.09385113268608414,25.2
444,20210502,Age 2-4,915,56,859,0.06120218579234973,34.1
445,20210502,Age 20-21,405,47,358,0.11604938271604938,36.1
446,20210502,Age 5-11,1295,125,1170,0.09652509652509653,29.8
447,20210509,Age 0-1,632,10,622,0.015822784810126583,10
448,20210509,Age 12-15,812,93,719,0.1145320197044335,39.7
449,20210509,Age 16-17,297,47,250,0.15824915824915825,42.7
450,20210509,Age 18-19,399,64,335,0.16040100250626566,55.7
451,20210509,Age 2-4,1038,36,1002,0.03468208092485549,21.9
452,20210509,Age 20-21,457,60,397,0.13129102844638948,46.1
453,20210509,Age 5-11,1705,159,1546,0.09325513196480939,38
454,20210516,Age 0-1,729,29,700,0.039780521262002745,29.1
455,20210516,Age 12-15,1342,148,1194,0.11028315946348734,63.2
456,20210516,Age 16-17,518,85,433,0.1640926640926641,77.2
457,20210516,Age 18-19,447,74,373,0.16554809843400448,64.4
458,20210516,Age 2-4,1194,60,1134,0.05025125628140704,36.6
459,20210516,Age 20-21,533,78,455,0.14634146341463414,60
460,20210516,Age 5-11,2467,274,2193,0.11106607215241183,65.4
461,20210523,Age 0-1,834,23,811,0.027577937649880094,23.1
462,20210523,Age 12-15,1640,213,1427,0.1298780487804878,91
463,20210523,Age 16-17,564,84,480,0.14893617021276595,76.3
464,20210523,Age 18-19,511,81,430,0.15851272015655576,70.4
465,20210523,Age 2-4,1602,80,1522,0.049937578027465665,48.7
466,20210523,Age 20-21,664,107,557,0.16114457831325302,82.2
467,20210523,Age 5-11,3539,413,3126,0.11669963266459452,98.6
468,20210530,Age 0-1,933,27,906,0.028938906752411574,27.1
469,20210530,Age 12-15,1551,257,1294,0.16569954867827208,109.8
470,20210530,Age 16-17,563,128,435,0.22735346358792186,116.2
471,20210530,Age 18-19,662,181,481,0.27341389728096677,157.4
472,20210530,Age 2-4,1829,101,1728,0.05522143247676326,61.5
473,20210530,Age 20-21,923,239,684,0.2589382448537378,183.7
474,20210530,Age 5-11,3418,513,2905,0.15008777062609713,122.5
475,20210606,Age 0-1,1031,52,979,0.0504364694471387,52.2
476,20210606,Age 12-15,2018,340,1678,0.16848364717542122,145.2
477,20210606,Age 16-17,872,217,655,0.24885321100917432,197
478,20210606,Age 18-19,897,285,612,0.3177257525083612,247.9
479,20210606,Age 2-4,2025,157,1868,0.07753086419753086,95.7
480,20210606,Age 20-21,1263,384,879,0.30403800475059384,295.2
481,20210606,Age 5-11,3688,532,3156,0.1442516268980477,127
482,20210613,Age 0-1,1145,46,1099,0.04017467248908297,46.1
483,20210613,Age 12-15,2335,428,1907,0.18329764453961456,182.8
484,20210613,Age 16-17,895,262,633,0.2927374301675978,237.9
485,20210613,Age 18-19,944,352,592,0.3728813559322034,306.1
486,20210613,Age 2-4,2104,161,1943,0.07652091254752852,98.1
487,20210613,Age 20-21,1253,419,834,0.3343974461292897,322.1
488,20210613,Age 5-11,4352,714,3638,0.1640625,170.5
489,20210620,Age 0-1,1216,68,1148,0.05592105263157895,68.2
490,20210620,Age 12-15,2872,569,2303,0.19811977715877438,243
491,20210620,Age 16-17,1164,346,818,0.2972508591065292,314.1
492,20210620,Age 18-19,1245,501,744,0.40240963855421685,435.7
493,20210620,Age 2-4,2630,174,2456,0.0661596958174905,106
494,20210620,Age 20-21,1493,565,928,0.3784326858673811,434.3
495,20210620,Age 5-11,5422,1073,4349,0.19789745481372187,256.2
496,20210627,Age 0-1,1409,142,1267,0.10078069552874379,142.4
497,20210627,Age 12-15,3563,1017,2546,0.2854336233511086,434.4
498,20210627,Age 16-17,1780,747,1033,0.4196629213483146,678.2
499,20210627,Age 18-19,2501,1367,1134,0.5465813674530188,1188.8
500,20210627,Age 2-4,2724,215,2509,0.078928046989721,131
501,20210627,Age 20-21,3056,1685,1371,0.5513743455497382,1295.2
502,20210627,Age 5-11,5991,1511,4480,0.25221165080954766,360.8
503,20210704,Age 0-1,1383,156,1227,0.11279826464208242,156.5
504,20210704,Age 12-15,2790,1287,1503,0.4612903225806452,549.7
505,20210704,Age 16-17,2151,1172,979,0.5448628544862855,1064.1
506,20210704,Age 18-19,2790,1580,1210,0.5663082437275986,1374.1
507,20210704,Age 2-4,2202,301,1901,0.13669391462306993,183.4
508,20210704,Age 20-21,3190,1713,1477,0.5369905956112853,1316.8
509,20210704,Age 5-11,4055,1619,2436,0.3992601726263872,386.5
510,20210711,Age 0-1,1143,167,976,0.14610673665791776,167.5
511,20210711,Age 12-15,1998,1050,948,0.5255255255255256,448.5
512,20210711,Age 16-17,1787,1005,782,0.5623950755456072,912.5
513,20210711,Age 18-19,2023,1153,870,0.5699456253089471,1002.7
514,20210711,Age 2-4,1459,272,1187,0.1864290610006854,165.7
515,20210711,Age 20-21,2288,1113,1175,0.48645104895104896,855.5
516,20210711,Age 5-11,2439,1113,1326,0.45633456334563344,265.7
517,20210718,Age 0-1,880,125,755,0.14204545454545456,125.4
518,20210718,Age 12-15,1629,813,816,0.4990791896869245,347.2
519,20210718,Age 16-17,1347,781,566,0.5798069784706755,709.1
520,20210718,Age 18-19,1421,644,777,0.45320197044334976,560.1
521,20210718,Age 2-4,1061,240,821,0.22620169651272384,146.2
522,20210718,Age 20-21,1531,646,885,0.42194644023514044,496.6
523,20210718,Age 5-11,1994,916,1078,0.4593781344032096,218.7
524,20210725,Age 0-1,832,74,758,0.0889423076923077,74.2
525,20210725,Age 12-15,1521,688,833,0.4523339907955293,293.8
526,20210725,Age 16-17,1003,509,494,0.5074775672981057,462.1
527,20210725,Age 18-19,1076,455,621,0.4228624535315985,395.7
528,20210725,Age 2-4,844,172,672,0.2037914691943128,104.8
529,20210725,Age 20-21,1168,395,773,0.3381849315068493,303.6
530,20210725,Age 5-11,1754,776,978,0.44241733181299886,185.3
531,20210801,Age 0-1,715,83,632,0.11608391608391608,83.3
532,20210801,Age 12-15,1368,564,804,0.41228070175438597,240.9
533,20210801,Age 16-17,960,467,493,0.4864583333333333,424
534,20210801,Age 18-19,896,360,536,0.4017857142857143,313.1
535,20210801,Age 2-4,697,151,546,0.21664275466284075,92
536,20210801,Age 20-21,1202,343,859,0.2853577371048253,263.7
537,20210801,Age 5-11,1491,670,821,0.4493628437290409,160
538,20210808,Age 0-1,686,94,592,0.13702623906705538,94.3
539,20210808,Age 12-15,1507,566,941,0.37558062375580625,241.7
540,20210808,Age 16-17,886,371,515,0.4187358916478555,336.8
541,20210808,Age 18-19,936,366,570,0.391025641025641,318.3
542,20210808,Age 2-4,783,159,624,0.20306513409961685,96.9
543,20210808,Age 20-21,1010,335,675,0.3316831683168317,257.5
544,20210808,Age 5-11,1550,710,840,0.45806451612903226,169.5
545,20210815,Age 0-1,714,88,626,0.12324929971988796,88.3
546,20210815,Age 12-15,2107,762,1345,0.3616516373991457,325.5
547,20210815,Age 16-17,1188,510,678,0.4292929292929293,463.1
548,20210815,Age 18-19,1411,630,781,0.446491849751949,547.9
549,20210815,Age 2-4,695,178,517,0.25611510791366904,108.5
550,20210815,Age 20-21,1404,598,806,0.42592592592592593,459.7
551,20210815,Age 5-11,2088,928,1160,0.4444444444444444,221.6
552,20210822,Age 0-1,1008,150,858,0.1488095238095238,150.5
553,20210822,Age 12-15,3781,1584,2197,0.4189367892092039,676.5
554,20210822,Age 16-17,2806,1325,1481,0.4722024233784747,1203
555,20210822,Age 18-19,3690,2151,1539,0.5829268292682926,1870.6
556,20210822,Age 2-4,1290,314,976,0.2434108527131783,191.3
557,20210822,Age 20-21,3702,2062,1640,0.5569962182603998,1585
558,20210822,Age 5-11,3783,1687,2096,0.44594237377742535,402.8
559,20210829,Age 0-1,1367,222,1145,0.1623994147768837,222.7
560,20210829,Age 12-15,8195,4104,4091,0.5007931665649786,1752.8
561,20210829,Age 16-17,4502,2180,2322,0.4842292314526877,1979.3
562,20210829,Age 18-19,4408,2314,2094,0.52495462794918335,2012.4
563,20210829,Age 2-4,2670,520,2150,0.1947565543071161,316.9
564,20210829,Age 20-21,4478,2211,2267,0.49374720857525684,1699.6
565,20210829,Age 5-11,9734,4606,5128,0.47318676802958703,1099.7
566,20210905,Age 0-1,1789,297,1492,0.1660145332588038,297.9
567,20210905,Age 12-15,11782,5968,5814,0.5065353929723306,2549
568,20210905,Age 16-17,4742,2125,2617,0.4481231547870097,1929.4
569,20210905,Age 18-19,4512,1614,2898,0.35771276595744683,1403.6
570,20210905,Age 2-4,3855,661,3194,0.1714656290531777,402.8
571,20210905,Age 20-21,4409,1561,2848,0.35404853708323886,1199.9
572,20210905,Age 5-11,14736,6580,8156,0.44652551574375676,1571
573,20210912,Age 0-1,1868,259,1609,0.1386509635974304,259.8
574,20210912,Age 12-15,11023,5278,5745,0.4788170189603556,2254.3
575,20210912,Age 16-17,3876,1477,2399,0.381062951496388,1341
576,20210912,Age 18-19,4210,864,3346,0.20522565320665084,751.4
577,20210912,Age 2-4,3963,617,3346,0.1556901337370679,376
578,20210912,Age 20-21,4370,820,3550,0.18764302059496568,630.3
579,20210912,Age 5-11,13241,5780,7461,0.43652292122951436,1380
580,20210919,Age 0-1,1518,187,1331,0.12318840579710146,187.6
581,20210919,Age 12-15,7417,3735,3682,0.5035728731292975,1595.2
582,20210919,Age 16-17,3608,1638,1970,0.4539911308203991,1487.2
583,20210919,Age 18-19,3463,512,2951,0.147848686110309,445.3
584,20210919,Age 2-4,3069,428,2641,0.13945910720104268,260.8
585,20210919,Age 20-21,3952,494,3458,0.125,379.7
586,20210919,Age 5-11,8929,3981,4948,0.44585059917123976,950.5
587,20210926,Age 0-1,1362,144,1218,0.10572687224669604,144.4
588,20210926,Age 12-15,5468,2810,2658,0.513899049012436,1200.2
589,20210926,Age 16-17,2135,862,1273,0.40374707259953163,782.6
590,20210926,Age 18-19,2597,410,2187,0.15787447054293416,356.6
591,20210926,Age 2-4,2386,329,2057,0.13788767812238056,200.5
592,20210926,Age 20-21,2594,376,2218,0.14494988434849654,289
593,20210926,Age 5-11,7467,3580,3887,0.47944288201419577,854.7
594,20211003,Age 0-1,1238,112,1126,0.09046849757673667,112.3
595,20211003,Age 12-15,4020,2071,1949,0.5151741293532338,884.5
596,20211003,Age 16-17,1372,492,880,0.358600583090379,446.7
597,20211003,Age 18-19,1612,238,1374,0.14764267990074442,207
598,20211003,Age 2-4,1856,277,1579,0.1492456896551724,168.8
599,20211003,Age 20-21,1673,220,1453,0.1315002988643156,169.1
600,20211003,Age 5-11,6296,3000,3296,0.4764930114358323,716.3
601,20211010,Age 0-1,1083,110,973,0.10156971375807941,110.3
602,20211010,Age 12-15,3561,1912,1649,0.5369278292614434,816.6
603,20211010,Age 16-17,1143,383,760,0.3350831146106737,347.7
604,20211010,Age 18-19,1321,196,1125,0.14837244511733536,170.5
605,20211010,Age 2-4,1564,259,1305,0.1656010230179028,157.8
606,20211010,Age 20-21,1408,202,1206,0.1434659090909091,155.3
607,20211010,Age 5-11,6171,3158,3013,0.5117485010533139,754
608,20211017,Age 0-1,1010,118,892,0.11683168316831684,118.4
609,20211017,Age 12-15,2701,1541,1160,0.5705294335431321,658.2
610,20211017,Age 16-17,1053,421,632,0.3998100664767331,382.2
611,20211017,Age 18-19,1051,199,852,0.18934348239771645,173.1
612,20211017,Age 2-4,1109,256,853,0.2308385933273219,156
613,20211017,Age 20-21,1173,191,982,0.1628303495311168,146.8
614,20211017,Age 5-11,4434,2686,1748,0.6057735678845286,641.3
615,20211024,Age 0-1,1030,131,899,0.12718446601941746,131.4
616,20211024,Age 12-15,3082,1182,1900,0.3835171966255678,504.8
617,20211024,Age 16-17,1335,424,911,0.31760299625468164,385
618,20211024,Age 18-19,1188,207,981,0.17424242424242425,180
619,20211024,Age 2-4,977,266,711,0.27226202661207777,162.1
620,20211024,Age 20-21,1320,229,1091,0.1734848484848485,176
621,20211024,Age 5-11,4018,2131,1887,0.5303633648581384,508.8
622,20211031,Age 0-1,1032,159,873,0.15406976744186046,159.5
623,20211031,Age 12-15,2617,932,1685,0.3561329766908674,398.1
624,20211031,Age 16-17,1308,429,879,0.32798165137614677,389.5
625,20211031,Age 18-19,1294,226,1068,0.17465224111282843,196.5
626,20211031,Age 2-4,1146,323,823,0.28184991273996507,196.8
627,20211031,Age 20-21,1357,233,1124,0.17170228445099484,179.1
628,20211031,Age 5-11,4346,2295,2051,0.5280717901518638,547.9
629,20211107,Age 0-1,1040,162,878,0.15576923076923077,162.5
630,20211107,Age 12-15,2827,1236,1591,0.4372125928546162,527.9
631,20211107,Age 16-17,1335,516,819,0.3865168539325843,468.5
632,20211107,Age 18-19,1121,245,876,0.21855486173059768,213.1
633,20211107,Age 2-4,1628,425,1203,0.26105651105651106,259
634,20211107,Age 20-21,1236,316,920,0.255663430420712,242.9
635,20211107,Age 5-11,6725,3669,3056,0.5455762081784387,876
636,20211114,Age 0-1,1062,185,877,0.17419962335216574,185.6
637,20211114,Age 12-15,2910,1470,1440,0.5051546391752577,627.8
638,20211114,Age 16-17,1275,580,695,0.4549019607843137,526.6
639,20211114,Age 18-19,1252,281,971,0.2244408945686901,244.4
640,20211114,Age 2-4,1702,417,1285,0.24500587544065805,254.1
641,20211114,Age 20-21,1311,363,948,0.2768878718535469,279
642,20211114,Age 5-11,7923,4457,3466,0.5625394421305061,1064.1
643,20211121,Age 0-1,962,155,807,0.16112266112266113,155.5
644,20211121,Age 12-15,2891,1440,1451,0.4980975441023867,615
645,20211121,Age 16-17,1152,548,604,0.4756944444444444,497.6
646,20211121,Age 18-19,927,234,693,0.2524271844660194,203.5
647,20211121,Age 2-4,1544,382,1162,0.24740932642487046,232.8
648,20211121,Age 20-21,1065,317,748,0.2976525821596244,243.7
649,20211121,Age 5-11,7356,4077,3279,0.5542414355628059,973.4
650,20211128,Age 0-1,960,156,804,0.1625,156.5
651,20211128,Age 12-15,2537,1305,1232,0.5143870713441072,557.4
652,20211128,Age 16-17,1001,473,528,0.4725274725274725,429.5
653,20211128,Age 18-19,859,201,658,0.2339930151338766,174.8
654,20211128,Age 2-4,1394,385,1009,0.27618364418938307,234.6
655,20211128,Age 20-21,958,279,679,0.29123173277661796,214.5
656,20211128,Age 5-11,6146,3355,2791,0.545883501464367,801
657,20211205,Age 0-1,1049,168,881,0.1601525262154433,168.5
658,20211205,Age 12-15,2775,1527,1248,0.5502702702702703,652.2
659,20211205,Age 16-17,1195,642,553,0.5372384937238494,582.9
660,20211205,Age 18-19,1033,232,801,0.2245885769603098,201.8
661,20211205,Age 2-4,1399,452,947,0.32308791994281627,275.4
662,20211205,Age 20-21,1148,270,878,0.23519163763066203,207.5
663,20211205,Age 5-11,6372,3632,2740,0.5699937225360954,867.2
664,20211212,Age 0-1,1207,185,1022,0.15327257663628832,185.6
665,20211212,Age 12-15,3505,1825,1680,0.5206847360912982,779.5
666,20211212,Age 16-17,1459,723,736,0.49554489376285127,656.4
667,20211212,Age 18-19,1273,359,914,0.2820109976433621,312.2
668,20211212,Age 2-4,1672,515,1157,0.30801435406698563,313.8
669,20211212,Age 20-21,1514,460,1054,0.3038309114927345,353.6
670,20211212,Age 5-11,8138,4538,3600,0.5576308675350209,1083.5
671,20211219,Age 0-1,1528,267,1261,0.17473821989528796,267.8
672,20211219,Age 12-15,4187,2179,2008,0.5204203486983521,930.7
673,20211219,Age 16-17,2065,1081,984,0.5234866828087167,981.5
674,20211219,Age 18-19,2645,1164,1481,0.4400756143667297,1012.3
675,20211219,Age 2-4,1922,582,1340,0.3028095733610822,354.6
676,20211219,Age 20-21,3077,1320,1757,0.4289892752681183,1014.7
677,20211219,Age 5-11,9032,5092,3940,0.5637732506643047,1215.7
678,20211226,Age 0-1,1417,332,1085,0.23429781227946367,333
679,20211226,Age 12-15,3985,2419,1566,0.6070263488080301,1033.2
680,20211226,Age 16-17,2377,1519,858,0.6390408077408498,1379.2
681,20211226,Age 18-19,3850,2588,1262,0.6722077922077923,2250.7
682,20211226,Age 2-4,1371,625,746,0.45587162654996355,380.8
683,20211226,Age 20-21,4759,3293,1466,0.691952090775373,2531.3
684,20211226,Age 5-11,6225,4145,2080,0.665863453815261,989.6
685,20220102,Age 0-1,1863,748,1115,0.4015029522275899,750.3
686,20220102,Age 12-15,5983,4324,1659,0.7227143573458131,1846.8
687,20220102,Age 16-17,3571,2596,975,0.7269672360683282,2357
688,20220102,Age 18-19,5991,4662,1329,0.7781672508763144,4054.3
689,20220102,Age 2-4,1835,1210,625,0.659400544959128,737.3
690,20220102,Age 20-21,6790,5327,1463,0.7845360824742268,4094.8
691,20220102,Age 5-11,8002,5867,2135,0.7331917020744814,1400.8
692,20220109,Age 0-1,1273,588,685,0.46190102120974075,589.8
693,20220109,Age 12-15,4893,3447,1446,0.7044757817290006,1472.2
694,20220109,Age 16-17,3036,2227,809,0.7335309617918313,2022
695,20220109,Age 18-19,3929,2777,1152,0.7067956222957495,2415
696,20220109,Age 2-4,1430,993,437,0.6944055944055944,605.1
697,20220109,Age 20-21,4334,3036,1298,0.700507614213198,2333.7
698,20220109,Age 5-11,5878,4230,1648,0.7196325280707724,1009.9
